Date,Merchant,Category,Account,Original Statement,Notes,Amount,Tags
2026-01-01,Employer,Paychecks,Checking,Payroll,,4500.00,
2026-01-02,Landlord,Rent,Checking,Rent,,-1400.00,
2026-01-03,Stream TV,Entertainment,Checking,Streaming,,-15.00,
2026-01-10,Grocer,Groceries,Checking,Groceries,,-150.00,
2026-02-01,Employer,Paychecks,Checking,Payroll,,4500.00,
2026-02-02,Landlord,Rent,Checking,Rent,,-1400.00,
2026-02-03,Stream TV,Entertainment,Checking,Streaming,,-15.00,
2026-02-10,Grocer,Groceries,Checking,Groceries,,-160.00,
2026-03-01,Employer,Paychecks,Checking,Payroll,,4500.00,
2026-03-02,Landlord,Rent,Checking,Rent,,-1400.00,
2026-03-03,Stream TV,Entertainment,Checking,Streaming,,-15.00,
2026-03-10,Grocer,Groceries,Checking,Groceries,,-155.00,
2026-04-01,Employer,Paychecks,Checking,Payroll,,4500.00,
2026-04-02,Landlord,Rent,Checking,Rent,,-1400.00,
2026-04-03,Stream TV,Entertainment,Checking,Streaming,,-15.00,
2026-04-10,U Haul,Moving,Checking,Truck rental,,-250.00,
2026-04-12,City Movers,Moving,Checking,Moving,,-2600.00,
2026-04-14,Grocer,Groceries,Checking,Refund,,25.00,
2026-04-20,Card Payment,Credit Card Payment,Checking,Payment,,-500.00,
2026-04-20,Card Payment,Credit Card Payment,Card,Payment,,500.00,
